<?xml version="1.0"?>
<!--
/**
 * Location: magento2_root/app/code/Namespace/Module/etc/adminhtml/system.xml
 */
-->
<config xmlns:xsi="http://www.w3.org/2001/XMLSchema-instance" xsi:noNamespaceSchemaLocation="urn:magento:module:Magento_Config:etc/system_file.xsd">
    <system>
        <tab id="settings" translate="label" sortOrder="1000">
            <label>Email Cart</label>
        </tab>
        <section id="Infoeverysolution_Emailcart" translate="label" type="text" sortOrder="100" showInDefault="1" showInWebsite="1" showInStore="1">
            <label>Send Email Cart Option</label>
            <tab>settings</tab>
            <resource>Infoeverysolution_Emailcart::config</resource>
            <group id="general" translate="label" type="text" sortOrder="10" showInDefault="1" showInWebsite="1" showInStore="1">

                <field id="sendcopy" translate="label" type="text" sortOrder="20" showInDefault="1" showInWebsite="1" showInStore="1">
                    <label>Send cart copy to others</label>
					<comment>Change the text for the send copy option on the send form</comment>
                </field>

				  <field id="email_cart_text" translate="label" type="text" sortOrder="20" showInDefault="1" showInWebsite="1" showInStore="1">
                    <label>Button Text</label>
					<comment>Change the text send email cart button on the checkout page</comment>
                </field>
				 
               <field id="pricing" translate="label" type="select" sortOrder="1" showInDefault="1" showInWebsite="1" showInStore="1">
                    <label>Pricing On/Off</label>
                    <source_model>Magento\Config\Model\Config\Source\Yesno</source_model>
                </field>
				
				 <field id="pickup_template" translate="label comment" type="select" sortOrder="3" showInDefault="1" showInWebsite="1" showInStore="1">
                <label>Select Email Template</label>
                <comment>Select the email template you wish to use</comment>
                <source_model>Magento\Config\Model\Config\Source\Email\Template</source_model>
  </field>
				
            </group>
			    
        </section>
    </system>
</config>